Comeback Bonus #1<br>You got a Rare Ticket!!	//ログイン1日目獲得文章
Comeback Bonus #2<br>You got 50,000 XP!!	//ログイン2日目獲得文章
Comeback Bonus #3<br>You got a Rare Ticket!!	//ログイン3日目獲得文章
Comeback Bonus #4<br>You got 100,000 XP!!	//ログイン4日目獲得文章
Comeback Bonus #5<br>You got a Rare Ticket!!	//ログイン5日目獲得文章
Comeback Bonus #6<br>You got 200,000 XP!!	//ログイン6日目獲得文章
Comeback Bonus #7<br>You got a Rare Ticket!!	//ログイン7日目獲得文章
Comeback Bonus #8<br>You got 300,000 XP!!	//ログイン8日目獲得文章
Comeback Bonus #9<br>You got a Rare Ticket!!	//ログイン9日目獲得文章
