Doge|A Loving Shiba and Battle Cat's rival.|Trying to enter college this year.|Very thoughtful and sends|birthday gifts to Cat every year.|
Snache|Uses watercolours for body paint.|So… naturally weak against water.|This information has nothing to do|with the game content whatsoever.|
Those Guys|A bunch of wusses who like to gang up.|Found each other on the internet.|Suprisingly,|all of them are quite rich.|
Hippoe|This dangerous hippo has|confidence in its stamina and power.|(s)he? has a multi attack skill.|We don't know if it is a he or she.|
Pigge (Red)|Loves going to the tanning salon,|that's why her skin is red.|Born in an organic free range farm.|Did you know that pigs like to clean?|
Jackie Peng|Loves watching Kung Fu movies,|and aiming to get into Hollywood.|Uses self-taught Kung Fu.||
Gory|Managed to get kicked out of the zoo|because of his scary face.|Has no job or education,|so turned to alcohol and gambling.|
Baa Baa|Corny name. Corny looks.|Has a complex about being too ordinary.|Trying to fix this by taking comedy lessons|at acting school.|
Sir Seal (Red)|Came to the big city from|from the quiet seaside.|Wanted more attention so|dyed his body red.|
Le'boin|Has ridiculously long reach.|Likes his women curvy. Very curvy.|Collects lots of magazines|… don't ask what type.|
Kang Roo|Always dreamed to be a boxer|Couldn't really get there|because it is… well, a kangaroo.|Sad sad truth.|
One Horn (Red)|Loves to help people.|Works part time at a fire station.|However, as he is so slow on his feet,|he never makes it to the fire on time.|
Teacher Bear|A kindergarten teacher. He LOVES children.|His sharp claws are not suited for the job.|Not related to a certain other bear.|No one knows his real name.|
Croco|He was saved by Dundee.|Infatuated with correspondence learning.|Managed to obtain several qualifications.|Word Processing Cert. 2nd class.|
B.B.Bunny (Red)|Quit a major company|and is managing 4 companies now.|Aspires to become city mayor someday.||
Squire Rel|She speaks an old English dialect (?)|No, seriously, it sounds like English, but|it's too hard understand what she says.|Works at the English school near the station.|
Assassin Bear (Black)|Licensed to kill.|The global financial crisis isn't helping|him much though. Please check the flyers.|He's offering one million per kill now.|
Shy Boy (Red/Floating)|Ridiculously shy.|He loves to sing though, but|has never sang in front of anyone.|… does a mirror count? Solo Karaoke'r|
The Face (Floating)|Too strict a diet resulted in no body.|No one knows why he is floating.|Seriously, anyone?|(Don't try this at home)|
|　|　|　|　|
|　|　|　|　|
Ms. Sign|Her family structure is|father, mother, brother and a "daddy".|Wants to marry out ASAP.|She comes out when you take too long.|
Mooth (Floating)|He dreamed he will become|a beautiful butterfly in the future.|Found out the truth and now|rebelling against nature.|
Dark Emperor Nyandam (Red)|Angry that he isn't allowed to|drink anything alcoholic.|Shows off by pretending to drink.|The glass is filled with coffee jelly.|
Teacher Bun Bun (Floating)|Former Master of Teacher Bear.|His physical punishment is love.|Don't think. FEEL!||
|　|　|　|　|
|　|　|　|　|
|　|　|　|　|
|　|　|　|　|
|　|　|　|　|
|　|　|　|　|
Master A.|Knows all the dirty stuff.|His friends from middle school|admire him and call him Master.|Dating experience: zero.|
R.Ost|Stressed about recent hair loss.|Yes, his last name is actually Ost.|His first name is Rich.|Can critical sometimes.|
Otta-smack-u|Earned the nickname by ganging up|on their target with a literal smackdown.|Holds the keepsake of their ancestors|"Just a Normal Rock"|
Kory|A really eccentric koala.|He was kicked out from zoo because of|food bills so is freeloading at Gory's house.|Gory is going to kick him out soon too.|
Camelle|Born in Arabia and loves to go to the sauna.|His special ability's to close his nostrils,|he doesn't know that all camels can do it|because he doesn't have any friends.|
Duche|Loves the study of Etymology.|He is writing a paper on why|his name sounds like it does.|Please wait for the published results.|
Owlbrow (Floating)|Doesn't look his age. He's 78.|The doctor told him to walk more.|Complains a lot because he is treated as|a Floating enemy when he is just walking.|
Bore (Red)|Always thought his name was the|correct way to spell what he is.|Turned really red after introducing himself.|"I am a bore"|
THE SLOTH|The scariest of all animals|manages to get off the tree…|Unfortunately, moving is too much|so he says he wants to go home now.|
Rain D.|Gets really depressed when Christmas|comes around. Also hates Red.|Don't ask why.|Give the poor guy a break.|
Dagshund|Tries really hard to be human.|All he needs to do now is stick out his arms,|turn around in circles and speak.|Please feed him when he does this.|
Celeboodle|Female college student|who enjoys chit-chat with her girls|every afternoon at high end cafés.|Her friends secretly hate her.|
H. Nah|His first name is Hy-ee (Hi E)|Always says No. Works food disposal.|Forever alone. Says no to everyone.|Everyone stays away from him.|
Dober P.D|Can use wave attacks.|Recently retired from the Police Dept.|(Actually lost his job to German Shepherds)|Seen with Celeboodle… a lot.|
Ururun Wolf|Don't tell anyone, but I heard she's from the|suburbs. Went to the shelter, tried to adopt a|rescue dog... found an unexpected breed!||
Doge Dark (Black)|One day Doge picked up a flyer|and found work as a part time killer.|Works hard every day to make|money to get into prep school.|
Metal Hippoe (Metal)|A certain organization decided to|experiment and make Hippoe's body metal.|Appears to be weak to critical attacks.||
St. Pigge the 2nd (Red)|Ancestor of Pigge.|Second queen of pig kingdom.|In a few days, will be shipped as|organic bacon (She doesn't know yet)|
J.K Bun Bun (Red/Floating)|A very famous author. Influential figure for|Bun Bun Teacher. His major works are|Punishment and Prejudice (1868)|Les Pénitents (1875)|
Bun Bun Black|"LOVE TAKES YOU TO HEAVEN #LOVE"|That's what he says when he hits people.|Some say you can go see the other world|when he hits you… Sorry, no valid source.|
Gory Black (Black)|Gory finally found a job!|Leaving behind his old life,|he is looking forward to seeing his|family again when they move back in.|
Shadow Boxer K (Black)|"You are already dead" - S.B.K|Spits out cheesy lines all the time.|Kind of feel sorry for the joey|in the pouch that always has put up with it.|
Director Kurosawah (Black)|A washed up director known for|copying the very famous movie director.|His works are all flops but|he is famous for his raunchy scenes.|
Super Metal Hippoe (Metal)|Metal Hippoe who abused file sharing|software and came down with the|Trojan virus, now he's out of control.|Appears to be weak to critical attacks.|
|||||
Metal One Horn (Metal)|A One Horn who underwent cybernetic|enhancement. He can intercept radio waves|and dispatches almost instantly.|Still never makes it in time.|
|||||
CyberFace (Metal)|A relic of humanity's final war, this cyborg|crushes all to dust with enhanced jaw strength.|Seems to float, but actually scampers around|on a dozen plasma legs invisible to the eye.|
Sir Metal Seal (Metal)|A seal who traveled to the city,|dreaming of superstardom.|Wanted more attention so|he decided to go full cyborg.|
|||||
|||||
|||Very thoughtful and sends|birthday gifts to Cat every year.|
|||||
Red Cyclone (Red/Floating)|The relentless assault of wind|keeps curious gawkers far away.|If only there was some way to stop|or stun it - a counterattack chance?|
|　|　|　|　|
|　|　|　|　|
|　|　|　|　|
|　|　|　|　|
White Cyclone (Floating)|The relentless assault of wind|keeps curious gawkers far away.|Seems to be getting a lot of attention|probably thanks to certain vacuums.|
Black Cyclone (Floating/Black)|The relentless assault of wind|keeps curious gawkers far away.|Has a lot more pushing power.|… or is it suction power?|
Metal Cyclone (Metal)|Attacks continuously while moving|so no one can stop its cyclonic force.|A maelstrom of flying metal shards.|Its heavy body keeps it from floating.|
|　|　|　|　|
|　|　|　|　|
|　|　|　|　|
Crazed Cat|　|　|　|　|
Crazed Tank Cat|　|　|　|　|
Crazed Axe Cat|　|　|　|　|
Crazed Gross Cat|　|　|　|　|
Crazed Cow Cat|　|　|　|　|
Crazed Bird Cat|　|　|　|　|
Crazed Fish Cat|　|　|　|　|
Crazed Lizard Cat|　|　|　|　|
Crazed Titan Cat|　|　|　|　|
Teacher Cat|　|　|　|　|
|　|　|　|　|
|　|　|　|　|
|　|　|　|　|
|　|　|　|　|
|　|　|　|　|
|　|　|　|　|
|　|　|　|　|
|　|　|　|　|
|　|　|　|　|
|　|　|　|　|
|　|　|　|　|
|　|　|　|　|
|　|　|　|　|
|　|　|　|　|
|　|　|　|　|
|　|　|　|　|
|　|　|　|　|
|　|　|　|　|
|　|　|　|　|
|　|　|　|　|
|　|　|　|　|
|　|　|　|　|
|　|　|　|　|
|　|　|　|　|
|　|　|　|　|
|　|　|　|　|
|　|　|　|　|
Divine Cyclone (Angel)|A wrathful being who cleanses evil|with the force of a typhoon.|Take care: Can't be harmed|by non-Angelic attacks!|
Heavenly Hippoe (Angel)|A Hippoe who yearned for a halo.|Styled his hair into wings...|which makes him the next best thing|to a Pegasus. Amirite?|
Gabriel (Angel)|Great-grandaddy of the Doge clan.|Watches to make sure his descendants|keep up their studies: sleeping in class|earns a bite from the old man!|
Angelic Gory (Angel)|An ugly mug is what got this guy|chased out of heaven.|An old-school fallen angel who makes|a living by lurking at the slot machines.|
Angel Fanboy|Blew his life savings on Angel goods.|Discovered Angels can't be hurt by|non-Angelic attacks after obsessively|collecting Rare Cat Capsules.|
Wall Doge|A Doge who stole Wall Cat's|schtick and turned herself into a wall.|Didn't predict that other Doges would|use her to replace missing dominoes.|
Ginger Snache (Red)|His lovely red locks inspired a|master's thesis on reptilian hair care.|The hair dye is still watercolor, and this|information still means nothing.|
Sunfish Jones (Angel)|A sunfish named Jones. Yeah, so what?|Shaped like an stealth bomber, and|therefore undetectable by radar systems.|Actually, that's how he got into heaven.|
|　|　|　|　|
|　|　|　|　|
|　|　|　|　|
Pigeon de Sable (Floating)|Never fears leading the battle charge|to defend his pacifist ideals.|Lovingly batters Cat invaders|with his sharp beak of diplomacy.|
Dark Otter (Black)|Bears his family's ultimate weapon:|"Normal Rock," bane of clams everywhere.|It's actually a plum pit, but don't mention|it or he'll fly off the handle.|
Angelic Sleipnir (Angel)|The eight-legged god-horse of Norse myth.|Has to spend most of his paycheck on|footwear, so usually spends his weekends|staying in and gardening.|
|　|　|　|　|
|　|　|　|　|
|　|　|　|　|
|　|　|　|　|
|　|　|　|　|
|　|　|　|　|
|　|　|　|　|
|　|　|　|　|
|　|　|　|　|
|　|　|　|　|
|　|　|　|　|
|　|　|　|　|
|　|　|　|　|
|　|　|　|　|
|　|　|　|　|
|　|　|　|　|
|　|　|　|　|
|　|　|　|　|
|　|　|　|　|
|　|　|　|　|
Trolly Blogger|Talked smack about his friends on|his personal blog, "Just Bein' Honest".|Got too popular and now no one calls|him anymore - the internet never forgets!|
Metal Doge (Metal)|Walking home from prep school,|a giant silver disc appeared in the sky.|Can't remember what happened next, but|now he wears only silver jumpsuits?|
Li'l Nyandam (Red)|A quantum blip de-aged him back to a kid.|People don't know what to think when that|leathery face cries over candy, but he still|has to pay full price at the movies.|
Le'noir (Black)|This ink-black pachy is a manic collector|"gentlemen's cinema". Afraid|his hobby might be found out so|smashes anyone who gets near his stash.|
|　|　|　|　|
|　|　|　|　|
|　|　|　|　|
|　|　|　|　|
|　|　|　|　|
|　|　|　|　|
|　|　|　|　|
|　|　|　|　|
|　|　|　|　|
|　|　|　|　|
Chickful A (Angel)|A bright-eyed rookie only on her second|day of her heavenly job. Her friend Duche|is getting real sick of hearing her go on|about how great her new flat in paradise is.|
|　|　|　|　|
|　|　|　|　|
|　|　|　|　|
|　|　|　|　|
|　|　|　|　|
|　|　|　|　|
Shibalien (Alien)|A lovable Doge, genetically modified by|the invaders to be the perfect foot soldier!|Always says "We think", but is really selfish.|That's why he fights with his dorm-mates.|
Kroxo (Alien)|Overcame his eye condition to get a degree|in interior design. His philosophy is "Simple|is Best"; turns out he just paints it all|blue and takes the rest of the week off.|
Hyppoh (Alien)|This hippoe is a monthly alien abductee.|Traumatized by the thing growing from|her head, her skin turned as blue as her|heart and she had to change her name.|
Imperator Sael (Alien)|A walrus warlord who came from space|to fight Earth's Red Seals. No hands, but|still tries for handshakes to be polite.|Won't see me lyin' about this classy gent.|
Maawth (Alien, Floating)|A pop idol from the bug planet, known for|his taste in sexy, flashy outfits. Many|fans came for his Earth Tour, but not one|human survived. Might freeze Cat Units.|
LeMurr (Alien)|Her eyes are big enough to see for two|lightyears. Daytime is too bright, though, so|has to stay inside until dusk. Wears special|contacts that weaken Cat Units' Atk.|
Helmut Krabbe (Alien)|Took out a 45-year loan on a durable home|to cover up the THAT growing from his rear.|Still spends every weekend at open houses.|Can survive one lethal strike.|
I.M. Phace (Alien, Floating)|A cameo from hit show Face Force 5.|Came to protect Earth but went rogue|after getting annoyed by smartphone users|ignoring him at dinner. Might freeze Cats.|
Ursamajor (Alien)|Visited Earth on a cruise, but strayed from|the tour group and got left behind. Works|at NASA hoping to sneak onboard a rocket.|Gets stronger the more damage he takes.|
Cli-One (Alien, Floating)|Her mission: start the apocalypse and|destroy all human life. Accidentally landed|on the moon. Now just makes craters out|of boredom. Weakens Cat Attacks.|
Nimoy Bore (Alien)|His bowl cut helps contain the force of|his rational power. Looking for a dashing|starship captain to help him learn how to|feel. Clears the way with logic and tusks.|
Elizabeth the LVIth (Alien)|Scion of the cyber-pigpen, Liz almost|ended her line after choking on a|mushroom. She's still blue to this day.|Uses powerful wave attacks.|
Cosmic Cyclone (Alien, Floating)|A nebula storm born from a black hole,|it rips apart anything that gets close.|Best block and attack from behind cover!|Attacks get stronger after taking damage.|
Galactic Overseer Nyandam (Alien)|Has the nightmarish power to redirect all|your future email to a random address. You'll|never know why all your friends forgot about|you. Attacks sometimes slow movement.|
Corrupted Valkyrie (Alien/Floating)|Received the dog lance Woofnir as a gag|gift at a bachelorette party. Her mind is now|clouded with rage against all things feline…|Grows stronger after taking damage.|
Scissoroo (Alien)|Former welterweight champ of Gliese 832c.|Stripped of her title once judges noticed the|custom gloves she wore in round 4.|They really help deliver powerful knockback.|
Cyberhorn (Alien)|A killing machine tasked with one purpose:|stop Cat pictures from being posted to the|internet. Meant to join for Chapter 1,|but he was too slow to catch the bus.|
Mistress Celeboodle (Alien)|Only daughter of the most powerful political|dynasty of Centauri year 1192. Beauty, brains,|wit… and yet she married a chihuahua reality|TV "star". Get stronger after being damaged.|
|　|　|　|　|
|　|　|　|　|
|　|　|　|　|
|　|　|　|　|
|　|　|　|　|
|　|　|　|　|
|　|　|　|　|
|　|　|　|　|
|　|　|　|　|
|　|　|　|　|
|　|　|　|　|
|　|　|　|　|
|　|　|　|　|
|　|　|　|　|
|　|　|　|　|
|　|　|　|　|
|　|　|　|　|
|　|　|　|　|
|　|　|　|　|
|　|　|　|　|
Capy (Red)|Furry Brazilian fitness freak. Hits the gym twice|a day and always chews her food thoroughly.|Weighed down by muscle, she's slower than she|looks, but those critical attacks hurt real bad…|
Berserkory (Red)|One day I woke from a nap to find a Kory|making stew in my kitchen. After I kicked him|out for raiding my fridge, it seems the sunset|on his back awoke his hidden dark powers.|
Brollow (Floating)|DO YOU EVEN LIFT??? He's gluten-free, but|never misses a chance to impress chicks|with crumbs from the organic bakery.|Brain the size of a cashew, but he's got game.|
Calamary (Alien/Floating)|Ship crash-landed near the famous Tsukiji|fish market. She introduced a new translucent|style sense that's now tres chic at the harbor.|Greatly Weakens opponent's attack.|
Alpacky (Alien)|Camelle super-glued cotton balls to herself to|become an Alpaca. Allergic to the fibers,|so she can't stop coughing and spitting, but|she's too proud to admit when she's wrong.|
Elder Sloth (Alien)|THE SLOTH's grandpa bought a lifetime pass|to a hot spring resort. Healing minerals in the|water he spends all his time in have given him|super speed and powerful knockback abilities!|
Bun Bun Symbiote (Alien/Floating)|Bun Bun's DNA got bonded with an alien|creature. Infected students with it too, now|school is one big hive mind (Source: Hippoe)|Occasionally fires a powerful energy wave.|
Raging Bahamut Cat (Alien/Floating)|Finally got the zipper on his costume unstuck,|now he is free and unstoppable! Can't control|the destructive urges that compel him to|wreak havoc on everything around him!|
|　|　|　|　|
|　|　|　|　|
|　|　|　|　|
|　|　|　|　|
|　|　|　|　|
|　|　|　|　|
|　|　|　|　|
|　|　|　|　|
|　|　|　|　|
|　|　|　|　|
|　|　|　|　|
|　|　|　|　|
|　|　|　|　|
|　|　|　|　|
|　|　|　|　|
|　|　|　|　|
|　|　|　|　|
|　|　|　|　|
|　|　|　|　|
Cruel Angel Clionel (Angel)|This mystical being is humanity's salvation…|or it's destruction. But for now, it's too busy|being an overprotective single parent who|protects its kid with ultra long range attacks.|
|　|　|　|　|
|　|　|　|　|
Mr. Mole|"I seek a worthy rival! #MoleFight" is the only|Tweet from this aspiring martial artist on his|feed. His secret technique "Rising Mole Fist"|knocks back enemies from uber-long distance.|
The Perfect Cyclone (Floating)|A Category-5 storm that grew massive by|consuming lesser cyclones. Repels threats|from uber long distance. Meteoroloigists say|getting near its eye disables its knockback.|
|　|　|　|　|
|　|　|　|　|
|　|　|　|　|
|　|　|　|　|
|　|　|　|　|
|　|　|　|　|
|　|　|　|　|
|　|　|　|　|
|　|　|　|　|
|　|　|　|　|
|　|　|　|　|
|　|　|　|　|
|　|　|　|　|
|　|　|　|　|
|　|　|　|　|
|　|　|　|　|
|　|　|　|　|
Mr. Angel (Angelic)|Drives everyone around him crazy with|self-righteous advice. Best pretend you're|listening, or he'll smack you good:|"You'll thank me for this someday!"|
Two Can (Red / Black)|Used to be the host of a famous game show.|This migratory fellow now travels around the|world playing golf, coming home for TV gigs if|he runs out of money. Fires waves of greed.|
Tackey (Black)|A ruthless semi-pro pitcher who resorts to|any means necessary to win the game.|Throws non-regulation balls from long|distance to intimidate the away team batters.|
|　|　|　|　|
Codename "Red Riding"|A wandering forest girl hired as an assassin|by the Dog Army. Feared by the Cat Army for|ruthlessly using any tactic necessary to|make the kill. Even a long-distance bazooka!|
|　|　|　|　|
|　|　|　|　|
Boraphim (Angel)|Executive assistant to heaven's most famous|recort label producer. Ghost-writer for two|one-hit wonders: "Cats Ain't No Sin" and|"C.P.U. (Future Intelligence Pt. II)"|
|　|　|　|　|
|　|　|　|　|
|　|　|　|　|
|　|　|　|　|
Henry|Took 9 gap years before working up the |courage to enroll in college. Hoping to major|in nuclear physics to better control his particle|beams, but dad wants him to study accounting.|
Hannya (Red)|Wore a creepy mask as a joke, transformed|into a flesh-eating demon. That can happen.|Breathes pure corruption born of vengeful hate.|The normal Face isn't so bad anymore, eh?|
|　|　|　|　|
|　|　|　|　|
|　|　|　|　|
Queen B (Alien/Floating)|An exiled princess, now royalty of the mean|streets of the big city. Her sad upbringing makes|for a nasty temperament... don't get too close|or you'll be the victim of her tragic sting.|
Li'l Bun Bun (Floating)|Grand Champion of the Problem Child Grand|Prix, terror of kindergarten classrooms every-|where. Maybe Dad let him read the Russian |classics too early? Favorite word = LOVE.|
|　|　|　|　|
|　|　|　|　|
|　|　|　|　|
|　|　|　|　|
|　|　|　|　|
|　|　|　|　|
|　|　|　|　|
|　|　|　|　|
|　|　|　|　|
|　|　|　|　|
|　|　|　|　|
|　|　|　|　|
|　|　|　|　|
|　|　|　|　|
|　|　|　|　|
|　|　|　|　|
|　|　|　|　|
|　|　|　|　|
|　|　|　|　|
|　|　|　|　|
|　|　|　|　|
|　|　|　|　|
|　|　|　|　|
|　|　|　|　|
|　|　|　|　|
|　|　|　|　|
|　|　|　|　|
