item_pack_name_0	Booster Sale: Cat Food Pack!
item_pack_name_1	Booster Sale: Super Cat Food Pack!
item_pack_name_2	Booster Sale: Uber Cat Food Pack!
item_pack_name_3	Blitz Sale: Special Cat Food Set!
item_pack_name_4	Blitz Sale: Super Cat Food Set!
item_pack_name_5	Blitz Sale: Uber Cat Food Set!
item_pack_name_6	Special Offer: Buy a Rare Ticket!
item_pack_name_7	Special Offer: Platinum Ticket!
item_pack_purchased_title	<flash>%@</flash><br>
item_pack_purchased_item	%@ %d → <color=255,255,0>%d</color><br>
item_pack_purchased_xp	%@ %dXP → <color=255,255,0>%dXP</color><br>
item_pack_purchased_ticket	%@ %d → <color=255,255,0>%d</color><br>
battle_result_first_clear_bonus	<color=255,255,0>First Clear Reward</color><br>You got <flash>30 Cat Food!!</flash><br>Cat Energy is also <flash>fully recovered!!</flash>
energy_connecting	Updating Data…
energy_connection_failed	Energy recovery error.
user_rank_gift_1600_catseye_unlocked	<flash>Raise your Level Cap!</flash><br>Use a Catseye on certain Cats<br>to unlock higher levels for them!
user_rank_gift_no_more	<color=255,255,0>You have unlocked all available rewards<br>for now… More to come soon!</color>
user_rank_popup_title1	<color=255,255,0>User Rank Mission</color><br>
user_rank_popup_title2	<flash>User Rank %d Cleared!</flash><br>
user_rank_full_recovery_energy	Your Cat Energy<flash> has been refilled!</flash>
data_upload_error_catfood_20000	Data may not be saved, as it appears to have been altered or hacked. Please contact User Support.
energy_connecting	Updating Data…
energy_connection_failed1	Error updating Energy data.
energy_connection_failed2	Please check your connection and try again.
gamatoto_connection	Updating Data…
gamatoto_connection_failed	Error calculating Expedition time. Check your connection and reboot the app.
reset_item_reward	<color=255,255,0>Reward Availability Restored!</color><br>Previously cleared Rewards are available once again.<br>Complete tasks to receive them again!
reward_energy	Energy Recovery Chance!<br>Watch a video to get %d Energy back?</flash>
receive_energy	%d Energy recovered.
receive_energy_full	All Energy recovered.
network_unavailable_energy	An Energy recovery errror occurred.\nPlease connect to a strong network!
network_unavailable_gamatoto	Cat Food total not updated.\nPlease connect to a strong network!
001_img044.png	i001_img044_en.png
001_img044.imgcut	i001_img044_en.imgcut
001_img045.png	i001_img045_en.png
001_img045.imgcut	i001_img045_en.imgcut
021_e.png	i021_e_en.png
021_e.imgcut	i021_e_en.imgcut
000_gatya_rare.png	i000_gatya_rare_en.png
000_gatya_rare.imgcut	000_gatya_rare_en.imgcut
000_gatya.png	i000_gatya_en.png
000_gatya.imgcut	000_gatya_en.imgcut
003_gatya_tuika01.png	003_gatya_tuika01_en.png
003_gatya_tuika01.imgcut	003_gatya_tuika01_en.imgcut
002_bank.png	i002_bank_en.png
002_bank.imgcut	002_bank_en.imgcut
slot_copy_select	Units can be copied from Slot %d.<br>Copy or Replace Units?
slot_copy	Units copied from Slot %d.<br>Visit your desired Slot and tap Replace.
slot_paste	This slot will be replaced with Units from Slot %d. <br>Are you sure?
instant_koyashi	5 maxed-out Capsules can be<br>traded for one Rare Ticket.<br>Trade maxed-out Capsules?<br>(Need %d more valid Capsules)
storage_koyashi	All maxed-out Capsules will be traded<br>to receive Rare Ticket(s).<br>Are you sure?<br>
have_koyashi	%d Capsules are valid for Trade.
tutorial_favoriteUnit	Tap the ☆ button to switch between<br>showing only your Favorite units or<br>showing all units you have collected.
tutorial_favoriteUnit_pictureBook1	<color=255,255,0>Setting Your Favorites ①</color><br>Once you have chosen some Favorite<br> Cats, you can tap the "Confirm ☆" button<br> to close the Favorites menu!
tutorial_favoriteUnit_pictureBook2	<color=255,255,0>Setting Your Favorites ②</color><br>You can tap the "☆" button on the Upgrade<br>or Equip menus to display ONLY those<br>Cats you chose as your Favorites!
device_not_supported	This device is not supported.
everyplay_no_related_videos	No related media found.